{
    "train_loss": [
        2.033693209373751,
        2.044417169839976,
        8.306828535520113,
        9.308667219602144,
        6.18422564079887,
        6.431975258024115,
        2.630587050789281,
        2.235407807325062,
        2.1599070994477523,
        2.113711909243935,
        0.9268116643481402,
        0.38667323792623104,
        0.23346194102981974,
        0.1601469660005454,
        0.11694761793165875,
        0.08859572247578408,
        0.06871476362952843,
        0.05402317828557329,
        0.04290316523314948,
        0.034415077917842936,
        0.32712409273308074,
        0.11356082234029063,
        0.07159793598678414,
        0.05014686904826897,
        0.0368645396128929,
        3.29594797018877,
        2.2728471891167237,
        2.019358432170042,
        1.8454269564028867,
        1.6810943097183384,
        1.5294826645212076,
        1.3985941434643931,
        1.2871793809625292,
        1.1885542909509128,
        1.1040836219320591,
        3.301632392652256,
        2.2451769310174527,
        2.0030310338305446,
        1.8289838101446014,
        1.6683839369065983
    ],
    "val_loss": [
        1.2614900728066762,
        1.2909460326035818,
        4.670639753341675,
        6.589007139205933,
        3.402105188369751,
        3.404356265068054,
        3.0020190238952638,
        3.0889217853546143,
        3.1309350609779356,
        3.15715811252594,
        0.8060614860002039,
        0.6134872571819472,
        0.5140699308580616,
        0.46326901511595747,
        0.4339212650257379,
        0.41786292544693227,
        0.3673609639136117,
        0.36532079210254964,
        0.3443738136079042,
        0.3499358278336849,
        0.902148531175529,
        0.6661790710298293,
        0.5388773082231637,
        0.5002311756013013,
        0.47580248824637644,
        2.3536254970394834,
        2.0563646846888015,
        1.9026423717031673,
        1.7084490887972774,
        1.5050984912989092,
        1.3232857171370058,
        1.194048407126446,
        1.0875900837839867,
        1.0077092890836754,
        0.9460545352527073,
        2.4158846796775353,
        2.10455499863138,
        1.9405557379430654,
        1.7258887485582002,
        1.5035944836480277
    ],
    "accuracy": [
        0.8530004878842088,
        0.8534233208651814,
        0.6725168035847647,
        0.6725168035847647,
        0.7173968415690269,
        0.7173968415690269,
        0.7189251146204788,
        0.7259296994396333,
        0.7259296994396333,
        0.7292409577177789,
        0.932847886567747,
        0.9546159642229598,
        0.9628063531091371,
        0.9668979250048809,
        0.970331718566966,
        0.9726905688695822,
        0.9748103310474424,
        0.9760320828045685,
        0.9771348624804764,
        0.978270817063647,
        0.8876165355528511,
        0.9180176460361613,
        0.9348507855963143,
        0.9425098063716968,
        0.9472717370045202,
        0.7366439602199224,
        0.7523093871280725,
        0.7685812176584734,
        0.798628517141009,
        0.8278268515523933,
        0.852062782988357,
        0.8702346782018111,
        0.8839444534282018,
        0.8933285494825356,
        0.8992915184346701,
        0.7304586432729625,
        0.7464575921733506,
        0.7659635753557568,
        0.8004073010996119,
        0.8325871199870634
    ]
}